course,prof,gpa,% of A,% of B,section_,semester
BIOL 107,WINEMILLER L,2.647,24%,35%,501,2018 Spring
BIOL 107,WINEMILLER L,2.909,27%,41%,502,2018 Spring
BIOL 107,WINEMILLER L,2.454,23%,32%,503,2018 Spring
BIOL 107,WINEMILLER L,3.142,52%,24%,504,2018 Spring
BIOL 107,WINEMILLER L,2.913,39%,26%,505,2018 Spring
BIOL 107,WINEMILLER L,2.625,25%,38%,506,2018 Spring
BIOL 107,WINEMILLER L,2.476,19%,24%,507,2018 Spring
BIOL 107,WINEMILLER L,2.750,30%,30%,508,2018 Spring
BIOL 107,WINEMILLER L,2.750,25%,25%,509,2018 Spring
BIOL 107,WINEMILLER L,2.714,24%,48%,510,2018 Spring
BIOL 111,WAN W,2.954,45%,27%,501,2018 Spring
BIOL 111,WAN W,3.000,33%,42%,502,2018 Spring
BIOL 111,WAN W,3.045,55%,14%,503,2018 Spring
BIOL 111,WAN W,2.857,19%,57%,504,2018 Spring
BIOL 111,WAN W,2.909,27%,41%,505,2018 Spring
BIOL 111,WAN W,2.954,32%,45%,506,2018 Spring
BIOL 111,WAN W,3.047,33%,43%,507,2018 Spring
BIOL 111,WAN W,3.291,46%,42%,508,2018 Spring
BIOL 111,WAN W,3.250,46%,42%,509,2018 Spring
BIOL 111,WAN W,3.347,57%,30%,510,2018 Spring
BIOL 111,KEMP W,2.333,19%,24%,511,2018 Spring
BIOL 111,KEMP W,2.473,26%,32%,512,2018 Spring
BIOL 111,KEMP W,2.842,21%,47%,513,2018 Spring
BIOL 111,KEMP W,2.571,10%,43%,514,2018 Spring
BIOL 111,KEMP W,2.461,15%,31%,515,2018 Spring
BIOL 111,KEMP W,2.470,12%,47%,516,2018 Spring
BIOL 111,KEMP W,2.791,33%,25%,517,2018 Spring
BIOL 111,KEMP W,2.400,15%,35%,518,2018 Spring
BIOL 111,KEMP W,2.470,29%,18%,519,2018 Spring
BIOL 111,KEMP W,2.521,17%,26%,520,2018 Spring
BIOL 111,WAN W,2.909,27%,41%,521,2018 Spring
BIOL 111,WAN W,3.086,35%,48%,522,2018 Spring
BIOL 111,WAN W,3.181,45%,32%,523,2018 Spring
BIOL 111,WAN W,2.826,35%,22%,524,2018 Spring
BIOL 111,WAN W,1.923,8%,15%,525,2018 Spring
BIOL 111,WAN W,2.894,42%,26%,526,2018 Spring
BIOL 111,WAN W,2.619,19%,38%,527,2018 Spring
BIOL 111,WAN W,2.277,28%,17%,529,2018 Spring
BIOL 111,WAN W,3.190,43%,33%,530,2018 Spring
BIOL 111,KEMP W,2.045,9%,18%,531,2018 Spring
BIOL 111,KEMP W,2.368,5%,53%,533,2018 Spring
BIOL 111,KEMP W,2.250,17%,33%,534,2018 Spring
BIOL 111,KEMP W,1.954,9%,18%,535,2018 Spring
BIOL 111,KEMP W,2.521,22%,17%,536,2018 Spring
BIOL 111,KEMP W,1.526,0%,16%,537,2018 Spring
BIOL 111,KEMP W,1.842,0%,26%,538,2018 Spring
BIOL 111,KEMP W,2.142,14%,24%,539,2018 Spring
BIOL 111,KEMP W,2.555,22%,28%,540,2018 Spring
BIOL 111,WAN W,3.200,60%,0%,541,2018 Spring
BIOL 111,WAN W,3.260,57%,22%,542,2018 Spring
BIOL 111,KEMP W,3.100,45%,25%,543,2018 Spring
BIOL 111,KEMP W,2.166,0%,39%,544,2018 Spring
BIOL 112,MACKENZIE D,3.500,55%,40%,201,2018 Spring
BIOL 112,MACKENZIE D,3.600,60%,40%,202,2018 Spring
BIOL 112,MACKENZIE D,3.555,61%,33%,203,2018 Spring
BIOL 112,MACKENZIE D,3.550,55%,45%,204,2018 Spring
BIOL 112,TAG A,2.545,9%,50%,501,2018 Spring
BIOL 112,TAG A,2.434,4%,48%,502,2018 Spring
BIOL 112,TAG A,3.166,42%,38%,503,2018 Spring
BIOL 112,TAG A,3.500,54%,42%,504,2018 Spring
BIOL 112,TAG A,2.904,29%,43%,505,2018 Spring
BIOL 112,TAG A,2.782,22%,39%,506,2018 Spring
BIOL 112,TAG A,2.666,14%,43%,507,2018 Spring
BIOL 112,TAG A,2.909,23%,50%,508,2018 Spring
BIOL 112,TAG A,3.086,26%,57%,509,2018 Spring
BIOL 112,TAG A,2.958,21%,58%,510,2018 Spring
BIOL 112,TAG A,3.130,35%,48%,511,2018 Spring
BIOL 112,TAG A,3.173,39%,39%,512,2018 Spring
BIOL 112,TAG A,2.952,24%,48%,513,2018 Spring
BIOL 112,TAG A,2.450,15%,25%,514,2018 Spring
BIOL 112,TAG A,2.916,38%,29%,515,2018 Spring
BIOL 112,TAG A,2.727,27%,32%,516,2018 Spring
BIOL 112,TAG A,2.833,12%,58%,517,2018 Spring
BIOL 112,TAG A,2.956,30%,39%,518,2018 Spring
BIOL 112,AUFDERHEIDE K,2.130,4%,26%,519,2018 Spring
BIOL 112,AUFDERHEIDE K,2.782,26%,26%,520,2018 Spring
BIOL 112,AUFDERHEIDE K,2.434,9%,43%,521,2018 Spring
BIOL 112,AUFDERHEIDE K,2.869,30%,35%,522,2018 Spring
BIOL 112,AUFDERHEIDE K,2.043,9%,22%,523,2018 Spring
BIOL 112,AUFDERHEIDE K,2.782,17%,52%,524,2018 Spring
BIOL 112,AUFDERHEIDE K,2.545,14%,50%,525,2018 Spring
BIOL 112,AUFDERHEIDE K,2.619,10%,48%,526,2018 Spring
BIOL 112,AUFDERHEIDE K,2.565,17%,22%,527,2018 Spring
BIOL 112,RAO A,2.375,12%,42%,528,2018 Spring
BIOL 112,RAO A,2.869,22%,43%,529,2018 Spring
BIOL 112,RAO A,3.000,25%,54%,530,2018 Spring
BIOL 112,RAO A,2.666,33%,19%,531,2018 Spring
BIOL 112,RAO A,3.190,43%,38%,532,2018 Spring
BIOL 112,RAO A,2.619,24%,33%,533,2018 Spring
BIOL 112,RAO A,2.523,14%,38%,534,2018 Spring
BIOL 112,RAO A,2.954,32%,32%,535,2018 Spring
BIOL 112,RAO A,3.000,41%,27%,536,2018 Spring
BIOL 112,LEE C,2.739,35%,22%,537,2018 Spring
BIOL 112,LEE C,3.047,29%,57%,538,2018 Spring
BIOL 112,LEE C,2.434,13%,26%,539,2018 Spring
BIOL 112,LEE C,2.850,25%,40%,540,2018 Spring
BIOL 112,LEE C,2.454,18%,32%,541,2018 Spring
BIOL 112,LEE C,2.291,8%,29%,542,2018 Spring
BIOL 112,LEE C,2.625,25%,33%,543,2018 Spring
BIOL 112,LEE C,2.142,19%,19%,544,2018 Spring
BIOL 112,LEE C,2.863,18%,55%,545,2018 Spring
BIOL 112,TAG A,2.333,12%,25%,546,2018 Spring
BIOL 112,TAG A,2.695,9%,61%,547,2018 Spring
BIOL 112,TAG A,2.739,17%,43%,548,2018 Spring
BIOL 112,TAG A,3.050,30%,50%,549,2018 Spring
BIOL 112,AUFDERHEIDE K,2.625,12%,42%,550,2018 Spring
BIOL 112,AUFDERHEIDE K,2.956,26%,52%,551,2018 Spring
BIOL 112,RAO A,2.200,10%,35%,552,2018 Spring
BIOL 112,LEE C,2.521,17%,39%,553,2018 Spring
BIOL 112,LEE C,2.666,24%,38%,554,2018 Spring
BIOL 113,RAO A,3.655,73%,22%,599,2018 Spring
BIOL 206,MOYES R,3.000,25%,50%,501,2018 Spring
BIOL 206,MOYES R,2.823,35%,29%,502,2018 Spring
BIOL 206,MOYES R,3.375,62%,25%,503,2018 Spring
BIOL 206,MOYES R,3.250,25%,75%,504,2018 Spring
BIOL 206,MOYES R,2.950,30%,45%,505,2018 Spring
BIOL 206,MOYES R,3.050,25%,55%,506,2018 Spring
BIOL 206,MOYES R,2.823,12%,65%,507,2018 Spring
BIOL 206,MOYES R,3.166,42%,42%,508,2018 Spring
BIOL 206,MOYES R,2.764,12%,53%,509,2018 Spring
BIOL 206,MOYES R,3.000,18%,65%,510,2018 Spring
BIOL 206,MOYES R,3.235,47%,29%,511,2018 Spring
BIOL 206,MOYES R,3.117,29%,59%,512,2018 Spring
BIOL 206,MOYES R,2.666,27%,20%,513,2018 Spring
BIOL 206,MOYES R,2.000,8%,31%,514,2018 Spring
BIOL 213,MENET J,2.835,28%,43%,501,2018 Spring
BIOL 213,ERICKSON J,2.866,31%,36%,502,2018 Spring
BIOL 214,PEPPER A,3.736,74%,26%,200,2018 Spring
BIOL 214,MERLIN C,2.666,18%,36%,501,2018 Spring
BIOL 214,BERNARDO J,2.654,21%,40%,502,2018 Spring
BIOL 302,YEAGER M,3.770,83%,12%,500,2018 Spring
BIOL 319,COHN W,2.600,25%,15%,501,2018 Spring
BIOL 319,COHN W,2.791,25%,29%,502,2018 Spring
BIOL 319,COHN W,2.428,19%,10%,503,2018 Spring
BIOL 319,COHN W,2.950,20%,55%,504,2018 Spring
BIOL 319,COHN W,2.700,20%,30%,505,2018 Spring
BIOL 319,COHN W,2.428,14%,24%,506,2018 Spring
BIOL 319,COHN W,2.650,30%,25%,507,2018 Spring
BIOL 319,COHN W,2.956,26%,43%,508,2018 Spring
BIOL 319,COHN W,2.913,26%,39%,509,2018 Spring
BIOL 319,COHN W,2.350,5%,25%,510,2018 Spring
BIOL 319,COHN W,2.652,9%,48%,511,2018 Spring
BIOL 319,COHN W,2.478,9%,35%,512,2018 Spring
BIOL 319,COHN W,2.708,17%,38%,513,2018 Spring
BIOL 319,COHN W,2.450,15%,20%,514,2018 Spring
BIOL 319,COHN W,3.050,35%,35%,515,2018 Spring
BIOL 319,COHN W,2.500,17%,25%,516,2018 Spring
BIOL 319,COHN W,2.200,0%,30%,517,2018 Spring
BIOL 319,COHN W,2.600,13%,40%,518,2018 Spring
BIOL 319,COHN W,2.687,25%,19%,519,2018 Spring
BIOL 319,COHN W,2.538,23%,23%,520,2018 Spring
BIOL 320,TAYLOR L,2.500,17%,39%,501,2018 Spring
BIOL 320,TAYLOR L,2.500,14%,41%,502,2018 Spring
BIOL 320,TAYLOR L,2.454,14%,32%,503,2018 Spring
BIOL 320,TAYLOR L,2.545,23%,32%,504,2018 Spring
BIOL 320,TAYLOR L,2.523,14%,38%,505,2018 Spring
BIOL 320,TAYLOR L,2.521,13%,35%,506,2018 Spring
BIOL 320,TAYLOR L,2.476,10%,33%,507,2018 Spring
BIOL 320,TAYLOR L,2.625,4%,58%,508,2018 Spring
BIOL 320,TAYLOR L,2.875,33%,29%,509,2018 Spring
BIOL 320,TAYLOR L,2.363,9%,41%,510,2018 Spring
BIOL 320,TAYLOR L,2.136,5%,32%,511,2018 Spring
BIOL 320,TAYLOR L,2.700,20%,40%,512,2018 Spring
BIOL 320,TAYLOR L,2.722,28%,39%,513,2018 Spring
BIOL 320,TAYLOR L,2.235,6%,29%,514,2018 Spring
BIOL 320,TAYLOR L,2.315,5%,42%,515,2018 Spring
BIOL 320,TAYLOR L,2.416,8%,33%,516,2018 Spring
BIOL 320,TAYLOR L,2.250,0%,44%,517,2018 Spring
BIOL 320,TAYLOR L,2.533,7%,53%,518,2018 Spring
BIOL 320,TAYLOR L,2.000,10%,20%,519,2018 Spring
BIOL 320,TAYLOR L,2.214,0%,29%,520,2018 Spring
BIOL 335,WICKSTEN M,2.363,27%,0%,501,2018 Spring
BIOL 335,WICKSTEN M,2.833,42%,25%,502,2018 Spring
BIOL 344,RILEY B,2.200,20%,20%,501,2018 Spring
BIOL 344,RILEY B,2.800,20%,40%,502,2018 Spring
BIOL 350,ARAMAYO R,3.580,65%,29%,501,2018 Spring
BIOL 351,SIEGELE D,3.071,43%,36%,901,2018 Spring
BIOL 351,SIEGELE D,3.500,60%,30%,902,2018 Spring
BIOL 351,SIEGELE D,3.150,35%,45%,903,2018 Spring
BIOL 351,SIEGELE D,3.250,40%,45%,904,2018 Spring
BIOL 351,SIEGELE D,3.300,40%,50%,905,2018 Spring
BIOL 351,SIEGELE D,3.210,32%,58%,906,2018 Spring
BIOL 351,SIEGELE D,3.210,42%,42%,907,2018 Spring
BIOL 351,SACHS M,3.000,35%,35%,908,2018 Spring
BIOL 351,SACHS M,2.947,47%,21%,909,2018 Spring
BIOL 351,SACHS M,2.941,24%,47%,910,2018 Spring
BIOL 351,SORG J,3.230,38%,46%,911,2018 Spring
BIOL 351,SORG J,2.500,22%,28%,912,2018 Spring
BIOL 351,SORG J,2.500,6%,50%,913,2018 Spring
BIOL 351,SORG J,2.687,12%,44%,914,2018 Spring
BIOL 351,SIEGELE D,3.222,33%,56%,915,2018 Spring
BIOL 357,BERNARDO J,2.540,14%,41%,500,2018 Spring
BIOL 388,ST. CLAIR A,3.300,60%,30%,931,2018 Spring
BIOL 388,ST. CLAIR A,3.125,38%,38%,932,2018 Spring
BIOL 388,ST. CLAIR A,3.500,50%,50%,933,2018 Spring
BIOL 388,ST. CLAIR A,3.222,33%,56%,934,2018 Spring
BIOL 401,GARCIA L,3.962,96%,4%,901,2018 Spring
BIOL 401,MANSON M,3.233,23%,77%,902,2018 Spring
BIOL 406,SORG J,3.100,45%,30%,500,2018 Spring
BIOL 413,RYAN K,2.785,36%,21%,500,2018 Spring
BIOL 430,GRIFFING L,3.500,67%,25%,500,2018 Spring
BIOL 430,GRIFFING L,3.428,57%,29%,502,2018 Spring
BIOL 434,HARLOW M,3.352,59%,24%,500,2018 Spring
BIOL 438,MANSON M,2.961,31%,35%,500,2018 Spring
BIOL 451,THOMAS T,3.671,70%,27%,500,2018 Spring
BIOL 454,MOYES R,2.931,41%,27%,500,2018 Spring
BIOL 461,SMITH J,3.769,77%,23%,500,2018 Spring
BIOL 462,WINEMILLER L,4.000,100%,0%,500,2018 Spring
BIOL 466,GREENBAUM I,2.400,20%,30%,500,2018 Spring
BIOL 480,GARCIA L,3.909,91%,9%,901,2018 Spring
BIOL 480,BELL-PEDERSEN D,3.916,92%,8%,902,2018 Spring
BIOL 480,ERICKSON J,4.000,100%,0%,903,2018 Spring
BIOL 489,GOMER R,4.000,100%,0%,501,2018 Spring
BIOL 491,MCKNIGHT T,4.000,100%,0%,500,2018 Spring
BIOL 606,SORG J,3.625,62%,38%,600,2018 Spring
BIOL 608,NAN B,3.600,80%,0%,601,2018 Spring
BIOL 612,QIN H,4.000,100%,0%,600,2018 Spring
BIOL 635,PEPPER A,3.666,67%,33%,600,2018 Spring
BIOL 647,ARAMAYO R,3.875,94%,0%,600,2018 Spring
BIOL 661,SMITH J,3.000,60%,20%,600,2018 Spring
BIOL 682,MCMAHAN U,4.000,100%,0%,600,2018 Spring
BIOL 683,BLACKMON H,4.000,100%,0%,600,2018 Spring
CHEM 101,BARONDEAU D,2.495,19%,31%,501,2018 Spring
CHEM 101,SHELDON M,2.930,29%,45%,502,2018 Spring
CHEM 101,BARONDEAU D,2.524,18%,32%,503,2018 Spring
CHEM 102,ROSYNEK M,3.062,31%,44%,201,2018 Spring
CHEM 102,MCCARTNEY S,2.568,20%,34%,501,2018 Spring
CHEM 102,WILLIAMSON V,2.845,29%,37%,502,2018 Spring
CHEM 102,BETHEL R,2.784,29%,28%,503,2018 Spring
CHEM 102,MCCARTNEY S,2.755,27%,34%,504,2018 Spring
CHEM 102,WILLIAMSON V,2.689,25%,35%,505,2018 Spring
CHEM 102,COLLINS D,2.694,28%,29%,506,2018 Spring
CHEM 102,COLLINS D,2.976,36%,32%,507,2018 Spring
CHEM 102,COLLINS D,2.776,33%,27%,508,2018 Spring
CHEM 102,BANERJEE S,3.357,57%,24%,510,2018 Spring
CHEM 107,BROWN L,2.130,18%,20%,501,2018 Spring
CHEM 107,BROWN L,2.142,15%,28%,502,2018 Spring
CHEM 107,MAY L,1.500,0%,0%,M01,2018 Spring
CHEM 111,MCCARTNEY S,3.090,27%,55%,501,2018 Spring
CHEM 111,MCCARTNEY S,2.789,21%,47%,502,2018 Spring
CHEM 111,BETHEL R,2.368,5%,53%,503,2018 Spring
CHEM 111,BETHEL R,2.500,0%,50%,504,2018 Spring
CHEM 111,BETHEL R,2.833,28%,39%,505,2018 Spring
CHEM 111,BETHEL R,3.086,30%,48%,506,2018 Spring
CHEM 111,COLLINS D,2.681,18%,50%,507,2018 Spring
CHEM 111,COLLINS D,2.904,29%,48%,508,2018 Spring
CHEM 111,BROWN L,2.750,20%,45%,511,2018 Spring
CHEM 111,BROWN L,3.000,35%,40%,512,2018 Spring
CHEM 111,WILLIAMSON V,2.900,20%,50%,513,2018 Spring
CHEM 111,WILLIAMSON V,2.842,21%,58%,514,2018 Spring
CHEM 111,WILLIAMSON V,2.772,27%,36%,515,2018 Spring
CHEM 111,WILLIAMSON V,2.950,20%,65%,516,2018 Spring
CHEM 111,COLLINS D,3.090,27%,55%,517,2018 Spring
CHEM 111,COLLINS D,3.000,22%,61%,518,2018 Spring
CHEM 111,COLLINS D,2.833,28%,39%,519,2018 Spring
CHEM 111,MCCARTNEY S,3.285,52%,33%,521,2018 Spring
CHEM 111,MCCARTNEY S,2.526,11%,58%,522,2018 Spring
CHEM 111,BETHEL R,3.000,25%,50%,523,2018 Spring
CHEM 111,BETHEL R,3.181,36%,45%,524,2018 Spring
CHEM 111,BETHEL R,2.611,28%,33%,525,2018 Spring
CHEM 111,BETHEL R,2.444,11%,39%,526,2018 Spring
CHEM 111,COLLINS D,2.950,25%,45%,527,2018 Spring
CHEM 111,COLLINS D,2.684,32%,37%,528,2018 Spring
CHEM 112,ROSYNEK M,3.500,56%,38%,201,2018 Spring
CHEM 112,ROSYNEK M,3.916,92%,8%,203,2018 Spring
CHEM 112,BANERJEE S,3.400,50%,40%,494,2018 Spring
CHEM 112,ROSYNEK M,3.285,57%,14%,495,2018 Spring
CHEM 112,BANERJEE S,3.833,83%,17%,496,2018 Spring
CHEM 112,BANERJEE S,3.000,25%,50%,497,2018 Spring
CHEM 112,MCCARTNEY S,3.090,32%,45%,501,2018 Spring
CHEM 112,MCCARTNEY S,3.095,29%,52%,502,2018 Spring
CHEM 112,MCCARTNEY S,2.666,19%,43%,503,2018 Spring
CHEM 112,MCCARTNEY S,2.600,10%,45%,504,2018 Spring
CHEM 112,MCCARTNEY S,2.736,21%,53%,505,2018 Spring
CHEM 112,WILLIAMSON V,2.750,25%,42%,507,2018 Spring
CHEM 112,WILLIAMSON V,3.434,43%,57%,508,2018 Spring
CHEM 112,WILLIAMSON V,3.130,35%,43%,509,2018 Spring
CHEM 112,WILLIAMSON V,3.000,29%,48%,510,2018 Spring
CHEM 112,WILLIAMSON V,2.714,19%,48%,511,2018 Spring
CHEM 112,WILLIAMSON V,3.333,43%,48%,512,2018 Spring
CHEM 112,SHELDON M,2.954,27%,45%,513,2018 Spring
CHEM 112,SHELDON M,3.458,46%,54%,514,2018 Spring
CHEM 112,SHELDON M,3.047,29%,48%,515,2018 Spring
CHEM 112,SHELDON M,3.150,45%,25%,516,2018 Spring
CHEM 112,SHELDON M,2.952,29%,43%,517,2018 Spring
CHEM 112,SHELDON M,3.047,29%,52%,518,2018 Spring
CHEM 112,LEE E,3.090,36%,36%,519,2018 Spring
CHEM 112,LEE E,3.100,30%,50%,520,2018 Spring
CHEM 112,LEE E,3.181,41%,36%,521,2018 Spring
CHEM 112,LEE E,3.142,33%,48%,522,2018 Spring
CHEM 112,LEE E,3.210,37%,47%,523,2018 Spring
CHEM 112,LEE E,3.272,45%,45%,524,2018 Spring
CHEM 112,MCCARTNEY S,3.130,39%,39%,525,2018 Spring
CHEM 112,MCCARTNEY S,3.000,30%,43%,526,2018 Spring
CHEM 112,MCCARTNEY S,2.900,35%,30%,527,2018 Spring
CHEM 112,MCCARTNEY S,3.291,46%,38%,528,2018 Spring
CHEM 112,MCCARTNEY S,2.958,29%,38%,529,2018 Spring
CHEM 112,MCCARTNEY S,2.863,23%,45%,530,2018 Spring
CHEM 112,BETHEL R,3.130,30%,57%,531,2018 Spring
CHEM 112,BETHEL R,2.791,25%,38%,532,2018 Spring
CHEM 112,BETHEL R,3.217,39%,43%,533,2018 Spring
CHEM 112,BETHEL R,3.318,36%,59%,534,2018 Spring
CHEM 112,BETHEL R,3.000,33%,33%,535,2018 Spring
CHEM 112,BETHEL R,3.272,41%,45%,536,2018 Spring
CHEM 112,COLLINS D,3.000,32%,45%,537,2018 Spring
CHEM 112,COLLINS D,3.041,25%,54%,538,2018 Spring
CHEM 112,COLLINS D,2.913,17%,65%,539,2018 Spring
CHEM 112,COLLINS D,3.136,32%,55%,540,2018 Spring
CHEM 112,COLLINS D,3.000,29%,46%,541,2018 Spring
CHEM 112,COLLINS D,3.260,39%,48%,542,2018 Spring
CHEM 112,LEE E,2.857,24%,48%,543,2018 Spring
CHEM 112,LEE E,2.608,17%,39%,544,2018 Spring
CHEM 112,LEE E,3.045,23%,59%,545,2018 Spring
CHEM 112,LEE E,2.958,17%,62%,546,2018 Spring
CHEM 112,LEE E,3.045,27%,50%,547,2018 Spring
CHEM 112,LEE E,3.086,39%,39%,548,2018 Spring
CHEM 112,BROWN L,2.750,25%,40%,549,2018 Spring
CHEM 112,BROWN L,3.052,37%,32%,550,2018 Spring
CHEM 112,BROWN L,3.090,32%,50%,551,2018 Spring
CHEM 112,BROWN L,2.947,11%,74%,552,2018 Spring
CHEM 112,BROWN L,3.150,40%,35%,553,2018 Spring
CHEM 112,BROWN L,3.150,35%,45%,554,2018 Spring
CHEM 112,WILLIAMSON V,2.875,33%,33%,555,2018 Spring
CHEM 112,WILLIAMSON V,3.277,44%,39%,556,2018 Spring
CHEM 112,WILLIAMSON V,3.090,32%,45%,557,2018 Spring
CHEM 112,WILLIAMSON V,3.000,24%,52%,558,2018 Spring
CHEM 112,WILLIAMSON V,3.130,26%,61%,559,2018 Spring
CHEM 112,WILLIAMSON V,3.000,30%,39%,560,2018 Spring
CHEM 112,COLLINS D,3.000,26%,48%,561,2018 Spring
CHEM 112,COLLINS D,3.363,41%,55%,562,2018 Spring
CHEM 112,COLLINS D,3.136,27%,59%,563,2018 Spring
CHEM 112,COLLINS D,3.050,35%,40%,564,2018 Spring
CHEM 112,COLLINS D,3.047,29%,48%,565,2018 Spring
CHEM 112,COLLINS D,3.047,33%,38%,566,2018 Spring
CHEM 112,LEE E,3.100,35%,40%,567,2018 Spring
CHEM 112,LEE E,3.000,35%,30%,568,2018 Spring
CHEM 112,LEE E,3.095,29%,52%,569,2018 Spring
CHEM 112,LEE E,3.045,23%,59%,570,2018 Spring
CHEM 112,LEE E,2.916,25%,46%,571,2018 Spring
CHEM 112,LEE E,3.181,27%,64%,572,2018 Spring
CHEM 112,MCCARTNEY S,3.304,43%,43%,573,2018 Spring
CHEM 112,MCCARTNEY S,2.875,25%,50%,574,2018 Spring
CHEM 112,MCCARTNEY S,3.304,43%,48%,575,2018 Spring
CHEM 112,MCCARTNEY S,3.250,40%,45%,576,2018 Spring
CHEM 112,MCCARTNEY S,3.136,32%,50%,577,2018 Spring
CHEM 112,MCCARTNEY S,3.041,29%,50%,578,2018 Spring
CHEM 112,BETHEL R,3.347,43%,48%,579,2018 Spring
CHEM 112,BETHEL R,2.681,14%,45%,580,2018 Spring
CHEM 112,BETHEL R,3.136,36%,41%,581,2018 Spring
CHEM 112,BETHEL R,3.166,33%,50%,582,2018 Spring
CHEM 112,BETHEL R,3.291,46%,38%,583,2018 Spring
CHEM 112,BETHEL R,3.166,29%,67%,584,2018 Spring
CHEM 112,COLLINS D,3.250,42%,42%,585,2018 Spring
CHEM 112,COLLINS D,2.863,27%,41%,586,2018 Spring
CHEM 112,COLLINS D,3.136,41%,32%,587,2018 Spring
CHEM 112,COLLINS D,3.304,48%,43%,588,2018 Spring
CHEM 112,COLLINS D,2.809,24%,38%,589,2018 Spring
CHEM 112,COLLINS D,3.260,39%,48%,590,2018 Spring
CHEM 112,BROWN L,3.062,25%,62%,591,2018 Spring
CHEM 112,BROWN L,3.050,30%,45%,592,2018 Spring
CHEM 112,BROWN L,3.095,38%,38%,593,2018 Spring
CHEM 112,BROWN L,2.909,18%,59%,594,2018 Spring
CHEM 112,BROWN L,2.833,12%,62%,595,2018 Spring
CHEM 112,BETHEL R,3.166,28%,61%,597,2018 Spring
CHEM 112,COLLINS D,3.227,45%,41%,598,2018 Spring
CHEM 112,COLLINS D,2.954,27%,45%,599,2018 Spring
CHEM 117,MCCARTNEY S,1.684,5%,32%,501,2018 Spring
CHEM 117,WILLIAMSON V,2.352,18%,35%,505,2018 Spring
CHEM 117,SHELDON M,2.263,16%,42%,507,2018 Spring
CHEM 117,SHELDON M,2.125,0%,50%,508,2018 Spring
CHEM 117,LEE E,2.875,12%,62%,510,2018 Spring
CHEM 117,MCCARTNEY S,2.736,5%,68%,513,2018 Spring
CHEM 117,BETHEL R,2.750,21%,50%,517,2018 Spring
CHEM 117,COLLINS D,2.952,24%,52%,521,2018 Spring
CHEM 117,LEE E,2.666,28%,33%,522,2018 Spring
CHEM 117,BROWN L,2.470,18%,35%,525,2018 Spring
CHEM 117,WILLIAMSON V,2.473,16%,47%,528,2018 Spring
CHEM 117,COLLINS D,2.863,23%,45%,533,2018 Spring
CHEM 117,MCCARTNEY S,2.388,17%,39%,539,2018 Spring
CHEM 117,BETHEL R,2.947,21%,58%,540,2018 Spring
CHEM 117,COLLINS D,2.636,32%,27%,543,2018 Spring
CHEM 117,COLLINS D,2.086,9%,17%,545,2018 Spring
CHEM 222,MULLEN C,2.462,22%,28%,500,2018 Spring
CHEM 227,SAN PEDRO J,2.415,23%,22%,501,2018 Spring
CHEM 227,WAAS J,2.687,32%,25%,502,2018 Spring
CHEM 227,WAAS J,2.226,20%,23%,503,2018 Spring
CHEM 227,JIANG L,2.433,19%,32%,504,2018 Spring
CHEM 227,JIANG L,2.409,18%,30%,505,2018 Spring
CHEM 227,SAN PEDRO J,2.670,23%,33%,506,2018 Spring
CHEM 228,SINGLETON D,3.344,52%,31%,200,2018 Spring
CHEM 228,POWERS D,2.942,31%,38%,501,2018 Spring
CHEM 228,BURGESS K,2.368,13%,25%,502,2018 Spring
CHEM 228,GOPALAKRISHNAN G,2.927,30%,34%,503,2018 Spring
CHEM 228,PENNINGTON J,2.642,27%,29%,504,2018 Spring
CHEM 228,PENNINGTON J,2.671,22%,37%,505,2018 Spring
CHEM 228,PONNAMPERUMA K,2.732,29%,29%,506,2018 Spring
CHEM 228,PONNAMPERUMA K,2.436,15%,24%,507,2018 Spring
CHEM 228,SANTANDER P,2.686,22%,34%,508,2018 Spring
CHEM 228,SANTANDER P,2.857,26%,41%,509,2018 Spring
CHEM 228,SANTANDER P,2.651,24%,29%,510,2018 Spring
CHEM 228,GOPALAKRISHNAN G,2.968,32%,36%,511,2018 Spring
CHEM 228,GOPALAKRISHNAN G,2.855,29%,30%,512,2018 Spring
CHEM 228,PONNAMPERUMA K,2.578,21%,32%,513,2018 Spring
CHEM 228,PONNAMPERUMA K,2.420,9%,35%,514,2018 Spring
CHEM 234,FANG L,3.400,50%,40%,901,2018 Spring
CHEM 234,JIANG L,3.333,42%,50%,902,2018 Spring
CHEM 234,SCHAEFER A,3.272,45%,36%,903,2018 Spring
CHEM 234,WAAS J,3.090,27%,55%,904,2018 Spring
CHEM 234,SCHAEFER A,3.181,45%,27%,905,2018 Spring
CHEM 237,SCHAEFER A,2.695,17%,52%,501,2018 Spring
CHEM 237,GOPALAKRISHNAN G,3.000,13%,74%,502,2018 Spring
CHEM 237,GOPALAKRISHNAN G,2.818,14%,64%,503,2018 Spring
CHEM 237,JIANG L,3.043,26%,52%,504,2018 Spring
CHEM 237,JIANG L,3.150,30%,55%,505,2018 Spring
CHEM 237,JIANG L,3.090,18%,73%,506,2018 Spring
CHEM 237,WAAS J,2.863,18%,50%,507,2018 Spring
CHEM 237,WAAS J,2.636,14%,55%,508,2018 Spring
CHEM 237,WAAS J,2.750,25%,50%,509,2018 Spring
CHEM 237,GOPALAKRISHNAN G,3.000,29%,47%,510,2018 Spring
CHEM 237,GOPALAKRISHNAN G,2.944,17%,61%,511,2018 Spring
CHEM 237,PENNINGTON J,2.857,19%,57%,514,2018 Spring
CHEM 237,PENNINGTON J,2.750,20%,55%,515,2018 Spring
CHEM 237,PENNINGTON J,2.950,20%,65%,516,2018 Spring
CHEM 237,PENNINGTON J,2.600,15%,60%,517,2018 Spring
CHEM 237,SANTANDER P,3.000,38%,33%,518,2018 Spring
CHEM 237,SANTANDER P,2.857,24%,57%,519,2018 Spring
CHEM 237,SANTANDER P,2.611,22%,44%,520,2018 Spring
CHEM 238,SCHAEFER A,2.954,18%,59%,501,2018 Spring
CHEM 238,PONNAMPERUMA K,3.000,22%,56%,502,2018 Spring
CHEM 238,PONNAMPERUMA K,3.230,23%,77%,503,2018 Spring
CHEM 238,PONNAMPERUMA K,2.900,15%,65%,504,2018 Spring
CHEM 238,GOPALAKRISHNAN G,3.043,26%,52%,505,2018 Spring
CHEM 238,GOPALAKRISHNAN G,2.952,19%,57%,506,2018 Spring
CHEM 238,GOPALAKRISHNAN G,3.086,17%,74%,507,2018 Spring
CHEM 238,GOPALAKRISHNAN G,2.913,9%,74%,508,2018 Spring
CHEM 238,PONNAMPERUMA K,3.181,41%,41%,509,2018 Spring
CHEM 238,PONNAMPERUMA K,2.695,17%,35%,510,2018 Spring
CHEM 238,PONNAMPERUMA K,3.000,29%,50%,511,2018 Spring
CHEM 238,PONNAMPERUMA K,3.083,25%,58%,512,2018 Spring
CHEM 238,SANTANDER P,3.000,26%,48%,513,2018 Spring
CHEM 238,SANTANDER P,2.956,17%,70%,514,2018 Spring
CHEM 238,SANTANDER P,2.782,17%,52%,515,2018 Spring
CHEM 238,SANTANDER P,3.130,30%,61%,516,2018 Spring
CHEM 238,SCHAEFER A,2.954,27%,41%,517,2018 Spring
CHEM 238,SCHAEFER A,3.304,43%,43%,518,2018 Spring
CHEM 238,SCHAEFER A,3.304,35%,61%,519,2018 Spring
CHEM 238,SCHAEFER A,3.083,21%,67%,520,2018 Spring
CHEM 238,SCHAEFER A,3.090,27%,55%,521,2018 Spring
CHEM 238,SCHAEFER A,2.958,17%,62%,522,2018 Spring
CHEM 238,SCHAEFER A,3.250,33%,58%,523,2018 Spring
CHEM 238,SCHAEFER A,3.181,23%,73%,524,2018 Spring
CHEM 238,WAAS J,3.250,29%,67%,525,2018 Spring
CHEM 238,WAAS J,3.125,29%,54%,526,2018 Spring
CHEM 238,WAAS J,2.739,9%,57%,527,2018 Spring
CHEM 238,WAAS J,3.045,18%,68%,528,2018 Spring
CHEM 238,PENNINGTON J,2.826,22%,52%,529,2018 Spring
CHEM 238,PENNINGTON J,3.000,19%,62%,530,2018 Spring
CHEM 238,PENNINGTON J,2.958,17%,62%,531,2018 Spring
CHEM 238,PENNINGTON J,3.100,20%,70%,532,2018 Spring
CHEM 238,MULLEN C,2.619,10%,48%,533,2018 Spring
CHEM 238,MULLEN C,2.826,0%,87%,534,2018 Spring
CHEM 238,MULLEN C,2.863,9%,68%,535,2018 Spring
CHEM 238,MULLEN C,3.100,30%,50%,536,2018 Spring
CHEM 238,SANTANDER P,3.173,39%,39%,537,2018 Spring
CHEM 238,SANTANDER P,3.000,13%,74%,538,2018 Spring
CHEM 238,SANTANDER P,3.142,33%,48%,539,2018 Spring
CHEM 238,SANTANDER P,3.000,23%,55%,540,2018 Spring
CHEM 238,PONNAMPERUMA K,3.260,43%,39%,541,2018 Spring
CHEM 238,PONNAMPERUMA K,3.173,22%,74%,542,2018 Spring
CHEM 238,PONNAMPERUMA K,3.000,21%,58%,543,2018 Spring
CHEM 238,PONNAMPERUMA K,2.913,13%,65%,544,2018 Spring
CHEM 238,WAAS J,2.904,10%,71%,545,2018 Spring
CHEM 238,WAAS J,3.000,18%,68%,546,2018 Spring
CHEM 238,WAAS J,2.521,4%,57%,547,2018 Spring
CHEM 238,WAAS J,3.083,17%,75%,548,2018 Spring
CHEM 238,GOPALAKRISHNAN G,3.391,43%,52%,549,2018 Spring
CHEM 238,SCHAEFER A,2.833,0%,83%,550,2018 Spring
CHEM 238,WAAS J,3.045,23%,59%,551,2018 Spring
CHEM 238,GOPALAKRISHNAN G,3.000,27%,50%,552,2018 Spring
CHEM 242,MULLEN C,2.875,6%,75%,501,2018 Spring
CHEM 242,MULLEN C,3.250,38%,50%,502,2018 Spring
CHEM 242,MULLEN C,3.312,31%,69%,503,2018 Spring
CHEM 242,MULLEN C,3.214,29%,64%,504,2018 Spring
CHEM 242,MULLEN C,3.312,38%,56%,505,2018 Spring
CHEM 242,MULLEN C,2.937,12%,75%,506,2018 Spring
CHEM 242,MULLEN C,3.076,15%,77%,507,2018 Spring
CHEM 242,MULLEN C,3.250,33%,58%,508,2018 Spring
CHEM 285,SINGLETON D,4.000,100%,0%,500,2018 Spring
CHEM 315,SCHWEIKERT E,2.560,32%,24%,500,2018 Spring
CHEM 316,LIM S,3.225,38%,51%,500,2018 Spring
CHEM 318,MAWK E,3.153,46%,31%,505,2018 Spring
CHEM 318,MAWK E,2.833,33%,39%,506,2018 Spring
CHEM 318,MAWK E,3.066,33%,47%,507,2018 Spring
CHEM 322,HILTY C,2.881,22%,47%,500,2018 Spring
CHEM 322,HILTY C,2.796,19%,52%,501,2018 Spring
CHEM 325,LIM S,3.000,31%,38%,501,2018 Spring
CHEM 325,LIM S,2.750,25%,38%,502,2018 Spring
CHEM 325,LIM S,2.928,14%,64%,503,2018 Spring
CHEM 326,LIM S,3.058,35%,41%,501,2018 Spring
CHEM 326,LIM S,3.375,38%,62%,502,2018 Spring
CHEM 327,LAANE J,3.085,40%,32%,502,2018 Spring
CHEM 328,GAEDE H,2.573,23%,31%,501,2018 Spring
CHEM 362,BLUEMEL J,2.517,9%,46%,500,2018 Spring
CHEM 415,RUSSELL D,3.333,33%,67%,500,2018 Spring
CHEM 433,POWERS T,3.600,60%,40%,501,2018 Spring
CHEM 433,POWERS T,3.400,50%,40%,502,2018 Spring
CHEM 434,MAWK E,3.187,19%,81%,501,2018 Spring
CHEM 434,MAWK E,3.133,33%,47%,502,2018 Spring
CHEM 446,BERGBREITER D,3.111,44%,33%,500,2018 Spring
CHEM 466,DARENSBOURG D,3.434,65%,17%,500,2018 Spring
CHEM 481,POWERS T,3.533,60%,33%,901,2018 Spring
CHEM 481,GAEDE H,3.266,33%,60%,902,2018 Spring
CHEM 481,GOODEY J,3.062,19%,69%,903,2018 Spring
CHEM 483,NIPPE M,3.200,55%,30%,500,2018 Spring
CHEM 491,BANERJEE S,4.000,100%,0%,501,2018 Spring
CHEM 491,BERGBREITER D,4.000,100%,0%,505,2018 Spring
CHEM 491,HALL M,4.000,89%,11%,518,2018 Spring
CHEM 491,NORTH S,2.500,60%,20%,528,2018 Spring
CHEM 491,WATANABE C,4.000,86%,14%,540,2018 Spring
CHEM 621,NORTH S,3.375,38%,62%,600,2018 Spring
CHEM 623,BATTEAS J,3.666,67%,33%,600,2018 Spring
CHEM 631,FOLDEN C,3.625,62%,38%,600,2018 Spring
CHEM 634,HUGHBANKS T,3.083,42%,33%,600,2018 Spring
CHEM 641,HALL M,3.222,44%,33%,600,2018 Spring
CHEM 642,OZEROV O,3.222,22%,78%,600,2018 Spring
CHEM 647,BLUEMEL J,3.166,17%,83%,600,2018 Spring
CHEM 670,LAGANOWSKY A,3.538,54%,46%,600,2018 Spring
CHEM 672,RAUSHEL F,3.444,56%,33%,600,2018 Spring
CHEM 685,LAANE J,4.000,100%,0%,600,2018 Spring
CHEM 689,CLEARFIELD A,3.375,50%,38%,600,2018 Spring
CHEM 689,LIU W,4.000,100%,0%,602,2018 Spring
NRSC 311,NAGAYA N,3.482,66%,21%,500,2018 Spring
NRSC 320,YAMAUCHI T,4.000,100%,0%,200,2018 Spring
NRSC 320,YAMAUCHI T,3.800,80%,20%,500,2018 Spring
NRSC 320,ANDERSON B,3.380,48%,43%,501,2018 Spring
NRSC 332,MOSCARELLO J,3.428,57%,29%,500,2018 Spring
NRSC 333,BOLANOS C,3.733,73%,27%,500,2018 Spring
NRSC 335,MAREN S,3.240,42%,40%,501,2018 Spring
NRSC 336,SMITH R,3.642,71%,21%,500,2018 Spring
NRSC 340,GRAU J,3.333,53%,27%,500,2018 Spring
NRSC 360,DAWSON MATHUR V,3.238,29%,67%,500,2018 Spring
NRSC 401,ABBOTT L,3.928,93%,7%,500,2018 Spring
NRSC 485,MACNAMARA A,4.000,100%,0%,548,2018 Spring
NRSC 489,NAGAYA N,3.200,20%,80%,501,2018 Spring
SCEN 201,WHITFIELD J,3.781,78%,22%,501,2018 Spring
NRSC 602,THOMPSON W,3.916,92%,8%,600,2018 Spring
NRSC 640,LI J,3.727,71%,29%,601,2018 Spring
NRSC 649,SMITH R,3.833,83%,17%,600,2018 Spring
MATH 131,BRYSIEWICZ T,2.860,34%,28%,501,2018 Spring
MATH 131,TYLER J,2.411,27%,27%,502,2018 Spring
MATH 131,ZHANG Q,3.094,38%,43%,503,2018 Spring
MATH 131,MAH S,2.488,30%,21%,504,2018 Spring
MATH 131,KIMBALL A,2.553,29%,32%,505,2018 Spring
MATH 131,GREEN N,2.838,32%,35%,506,2018 Spring
MATH 140,JOHNSON M,3.204,44%,36%,501,2018 Spring
MATH 140,JOHNSON M,3.065,49%,26%,502,2018 Spring
MATH 140,ORCHARD P,2.744,27%,34%,503,2018 Spring
MATH 140,ORCHARD P,2.178,17%,20%,504,2018 Spring
MATH 140,BOLLINGER K,2.329,22%,27%,506,2018 Spring
MATH 140,WHITFIELD J,2.650,30%,25%,599,2018 Spring
MATH 141,LEWIS J,2.511,22%,30%,502,2018 Spring
MATH 141,LEWIS J,2.460,16%,38%,506,2018 Spring
MATH 141,EPSTEIN J,2.045,5%,34%,508,2018 Spring
MATH 141,EPSTEIN J,2.888,28%,39%,510,2018 Spring
MATH 141,EPSTEIN J,2.660,28%,32%,511,2018 Spring
MATH 141,EPSTEIN J,2.500,19%,33%,512,2018 Spring
MATH 142,KILMER K,2.787,35%,27%,501,2018 Spring
MATH 142,KILMER K,2.803,33%,30%,502,2018 Spring
MATH 142,ALLEN A,2.500,23%,30%,507,2018 Spring
MATH 142,ALLEN A,2.378,20%,30%,513,2018 Spring
MATH 147,KLEIN G,2.090,18%,18%,501,2018 Spring
MATH 147,KLEIN G,2.700,25%,35%,502,2018 Spring
MATH 147,KLEIN G,2.772,32%,27%,503,2018 Spring
MATH 148,RAMSEY H,2.642,29%,21%,501,2018 Spring
MATH 148,RAMSEY H,3.111,44%,33%,502,2018 Spring
MATH 148,RAMSEY H,2.750,25%,38%,503,2018 Spring
MATH 148,RAMSEY H,2.346,19%,27%,504,2018 Spring
MATH 148,RAMSEY H,3.090,32%,45%,505,2018 Spring
MATH 148,RAMSEY H,2.600,20%,33%,506,2018 Spring
MATH 150,FRY E,2.357,21%,21%,501,2018 Spring
MATH 150,FRY E,2.200,10%,30%,502,2018 Spring
MATH 150,FRY E,2.583,33%,17%,503,2018 Spring
MATH 150,FRY E,1.307,0%,8%,504,2018 Spring
MATH 150,FRY E,2.692,23%,38%,505,2018 Spring
MATH 150,FRY E,2.266,7%,33%,506,2018 Spring
MATH 150,FRY E,2.764,29%,24%,507,2018 Spring
MATH 150,FRY E,1.866,7%,21%,508,2018 Spring
MATH 150,FRY E,2.461,23%,23%,509,2018 Spring
MATH 150,FRY E,2.000,7%,21%,510,2018 Spring
MATH 150,FRY E,2.538,31%,15%,511,2018 Spring
MATH 150,FRY E,1.700,20%,10%,512,2018 Spring
MATH 151,KIM J,2.162,21%,14%,501,2018 Spring
MATH 151,KIM J,2.600,22%,30%,502,2018 Spring
MATH 151,KIM J,2.714,20%,43%,503,2018 Spring
MATH 151,KIM J,2.578,18%,37%,504,2018 Spring
MATH 151,KIM J,2.550,18%,32%,505,2018 Spring
MATH 151,KIM J,2.085,17%,20%,506,2018 Spring
MATH 151,KIM J,2.411,18%,26%,507,2018 Spring
MATH 151,KIM J,2.820,33%,28%,508,2018 Spring
MATH 151,KIM J,2.447,16%,34%,509,2018 Spring
MATH 151,KIM J,2.441,15%,29%,510,2018 Spring
MATH 151,KIM J,2.738,26%,38%,511,2018 Spring
MATH 151,KIM J,2.358,13%,33%,512,2018 Spring
MATH 151,KAHLIG J,2.227,9%,32%,516,2018 Spring
MATH 151,KAHLIG J,2.736,34%,21%,517,2018 Spring
MATH 151,KAHLIG J,2.027,5%,30%,518,2018 Spring
MATH 151,KAHLIG J,2.162,5%,27%,522,2018 Spring
MATH 151,KAHLIG J,2.272,15%,39%,523,2018 Spring
MATH 151,KAHLIG J,2.000,0%,41%,524,2018 Spring
MATH 151,KLEIN G,2.472,19%,22%,525,2018 Spring
MATH 151,KLEIN G,1.695,13%,9%,526,2018 Spring
MATH 151,KLEIN G,1.625,6%,19%,527,2018 Spring
MATH 151,BISWAS S,1.375,0%,25%,M01,2018 Spring
MATH 152,LYNCH B,3.500,60%,30%,203,2018 Spring
MATH 152,LYNCH B,3.555,67%,22%,204,2018 Spring
MATH 152,LYNCH B,2.687,31%,19%,205,2018 Spring
MATH 152,LYNCH B,3.315,53%,26%,206,2018 Spring
MATH 152,BELMONTE A,1.466,0%,13%,501,2018 Spring
MATH 152,BELMONTE A,2.200,0%,30%,502,2018 Spring
MATH 152,BELMONTE A,2.333,25%,17%,503,2018 Spring
MATH 152,BELMONTE A,1.600,13%,7%,504,2018 Spring
MATH 152,BELMONTE A,1.807,4%,23%,505,2018 Spring
MATH 152,BELMONTE A,2.107,11%,21%,506,2018 Spring
MATH 152,AURISPA B,3.025,38%,35%,507,2018 Spring
MATH 152,AURISPA B,2.526,11%,53%,508,2018 Spring
MATH 152,AURISPA B,2.926,37%,29%,509,2018 Spring
MATH 152,AURISPA B,3.421,47%,47%,510,2018 Spring
MATH 152,AURISPA B,3.256,56%,23%,511,2018 Spring
MATH 152,AURISPA B,2.975,35%,35%,512,2018 Spring
MATH 152,BELMONTE A,1.918,3%,30%,513,2018 Spring
MATH 152,BELMONTE A,1.750,6%,19%,514,2018 Spring
MATH 152,BELMONTE A,1.625,12%,12%,515,2018 Spring
MATH 152,AURISPA B,3.179,46%,36%,516,2018 Spring
MATH 152,AURISPA B,3.025,44%,26%,517,2018 Spring
MATH 152,AURISPA B,2.450,20%,30%,518,2018 Spring
MATH 152,AURISPA B,2.525,22%,28%,519,2018 Spring
MATH 152,AURISPA B,2.900,35%,35%,520,2018 Spring
MATH 152,AURISPA B,2.842,42%,21%,521,2018 Spring
MATH 152,AURISPA B,2.842,37%,26%,522,2018 Spring
MATH 152,AURISPA B,3.000,38%,31%,523,2018 Spring
MATH 152,AURISPA B,2.450,20%,30%,524,2018 Spring
MATH 152,AURISPA B,2.810,38%,19%,525,2018 Spring
MATH 152,AURISPA B,2.650,25%,30%,526,2018 Spring
MATH 152,AURISPA B,2.800,30%,38%,527,2018 Spring
MATH 152,AUSTIN A,2.447,21%,29%,528,2018 Spring
MATH 152,AUSTIN A,2.473,34%,11%,529,2018 Spring
MATH 152,AUSTIN A,3.000,47%,24%,530,2018 Spring
MATH 152,AUSTIN A,2.210,32%,16%,531,2018 Spring
MATH 152,AUSTIN A,2.743,26%,31%,532,2018 Spring
MATH 152,AUSTIN A,2.421,26%,24%,533,2018 Spring
MATH 152,SCHRADER T,3.270,49%,35%,534,2018 Spring
MATH 152,SCHRADER T,3.300,50%,30%,535,2018 Spring
MATH 152,SCHRADER T,3.157,42%,34%,536,2018 Spring
MATH 152,AUSTIN A,2.947,34%,32%,537,2018 Spring
MATH 152,AUSTIN A,2.432,24%,22%,538,2018 Spring
MATH 152,AUSTIN A,3.176,47%,35%,539,2018 Spring
MATH 152,AUSTIN A,3.111,44%,28%,540,2018 Spring
MATH 152,AUSTIN A,2.400,15%,40%,541,2018 Spring
MATH 152,AUSTIN A,2.638,36%,19%,542,2018 Spring
MATH 152,SENGUPTA S,3.050,48%,20%,543,2018 Spring
MATH 152,SENGUPTA S,3.050,35%,40%,544,2018 Spring
MATH 152,SENGUPTA S,2.789,32%,26%,545,2018 Spring
MATH 152,AUSTIN A,3.150,42%,32%,546,2018 Spring
MATH 152,AUSTIN A,2.968,44%,25%,547,2018 Spring
MATH 152,AUSTIN A,2.600,33%,27%,548,2018 Spring
MATH 152,AUSTIN A,2.944,39%,33%,549,2018 Spring
MATH 152,AUSTIN A,2.842,29%,34%,550,2018 Spring
MATH 152,AUSTIN A,3.041,42%,29%,551,2018 Spring
MATH 152,SCHRADER T,2.894,37%,24%,552,2018 Spring
MATH 152,SCHRADER T,3.400,55%,30%,553,2018 Spring
MATH 152,SCHRADER T,2.944,39%,28%,554,2018 Spring
MATH 152,KAHLIG J,2.500,18%,29%,555,2018 Spring
MATH 152,KAHLIG J,2.400,20%,28%,556,2018 Spring
MATH 152,KAHLIG J,2.451,23%,26%,557,2018 Spring
MATH 152,SENGUPTA S,3.037,48%,15%,558,2018 Spring
MATH 152,SENGUPTA S,2.653,35%,27%,559,2018 Spring
MATH 152,SENGUPTA S,2.350,15%,35%,560,2018 Spring
MATH 152,SENGUPTA S,2.621,24%,22%,561,2018 Spring
MATH 152,SENGUPTA S,2.789,29%,34%,562,2018 Spring
MATH 152,SENGUPTA S,2.833,28%,28%,563,2018 Spring
MATH 152,BISWAS S,2.000,0%,25%,M01,2018 Spring
MATH 166,JOHNSON M,3.290,53%,28%,501,2018 Spring
MATH 166,BOUDREAUX B,2.529,22%,29%,502,2018 Spring
MATH 166,GEZMIS O,2.672,31%,34%,503,2018 Spring
MATH 166,JOHNSON M,3.136,45%,31%,504,2018 Spring
MATH 167,BOLLINGER K,2.918,35%,37%,501,2018 Spring
MATH 167,BOLLINGER K,2.864,29%,39%,502,2018 Spring
MATH 170,SIVAKUMAR N,4.000,100%,0%,501,2018 Spring
MATH 170,SIVAKUMAR N,4.000,100%,0%,503,2018 Spring
MATH 170,SIVAKUMAR N,4.000,100%,0%,504,2018 Spring
MATH 171,MANUEL D,2.863,41%,18%,501,2018 Spring
MATH 171,SIVAKUMAR N,2.650,15%,45%,502,2018 Spring
MATH 171,MANUEL D,1.666,0%,29%,503,2018 Spring
MATH 172,PAPANIKOLAS M,3.300,50%,40%,200,2018 Spring
MATH 172,YASSKIN P,2.483,23%,29%,501,2018 Spring
MATH 172,YASSKIN P,2.360,4%,44%,502,2018 Spring
MATH 172,SCHLUMPRECHT T,2.935,42%,23%,503,2018 Spring
MATH 220,LANDSBERG J,2.722,17%,50%,901,2018 Spring
MATH 220,LANDSBERG J,2.681,18%,45%,902,2018 Spring
MATH 220,SHATALOV O,2.863,36%,27%,903,2018 Spring
MATH 220,SHATALOV O,2.850,35%,30%,904,2018 Spring
MATH 220,ROWELL E,3.588,65%,29%,970,2018 Spring
MATH 221,DYKEMA K,2.483,29%,19%,501,2018 Spring
MATH 221,SHATALOV O,2.941,44%,15%,502,2018 Spring
MATH 225,STECHER M,3.451,58%,35%,500,2018 Spring
MATH 251,PEARLSTEIN R,2.679,33%,31%,501,2018 Spring
MATH 251,PEARLSTEIN R,2.409,22%,20%,502,2018 Spring
MATH 251,VOROBETS M,2.819,39%,24%,503,2018 Spring
MATH 251,PEARLSTEIN R,2.475,24%,26%,504,2018 Spring
MATH 251,VOROBETS M,2.866,34%,33%,506,2018 Spring
MATH 251,PEARLSTEIN R,2.230,18%,31%,507,2018 Spring
MATH 251,VOROBETS M,2.586,27%,25%,508,2018 Spring
MATH 289,LYNCH B,3.772,91%,5%,599,2018 Spring
MATH 302,YAN H,3.026,42%,24%,501,2018 Spring
MATH 302,YAN H,3.342,49%,37%,502,2018 Spring
MATH 304,YANG T,4.000,100%,0%,200,2018 Spring
MATH 304,ZHANG Z,3.162,42%,33%,501,2018 Spring
MATH 304,ZHANG Z,3.418,60%,21%,502,2018 Spring
MATH 304,VENTURA E,3.250,42%,45%,503,2018 Spring
MATH 304,WARD J,2.971,31%,37%,504,2018 Spring
MATH 304,MOTAKIS P,3.022,34%,39%,505,2018 Spring
MATH 304,GOSWAMI S,2.567,16%,35%,506,2018 Spring
MATH 304,YANG T,3.815,84%,13%,508,2018 Spring
MATH 304,ROQUE SOL M,3.041,50%,21%,509,2018 Spring
MATH 304,LIAO B,3.552,61%,34%,510,2018 Spring
MATH 304,BRIDY A,3.190,45%,31%,511,2018 Spring
MATH 308,TALIAFERRO S,3.500,70%,10%,200,2018 Spring
MATH 308,TALIAFERRO S,3.400,47%,47%,201,2018 Spring
MATH 308,WANG K,2.918,35%,31%,501,2018 Spring
MATH 308,REIHANI K,2.292,27%,20%,502,2018 Spring
MATH 308,TOMAS I,2.162,16%,30%,503,2018 Spring
MATH 308,REIHANI K,1.702,14%,22%,504,2018 Spring
MATH 308,KLEIN G,3.230,44%,37%,505,2018 Spring
MATH 308,KLEIN G,3.038,37%,42%,506,2018 Spring
MATH 308,KIM M,2.838,32%,39%,507,2018 Spring
MATH 308,KIM M,3.277,58%,19%,508,2018 Spring
MATH 308,LEE S,3.480,58%,37%,509,2018 Spring
MATH 308,LEE S,3.428,59%,24%,510,2018 Spring
MATH 308,KIM M,3.026,42%,32%,511,2018 Spring
MATH 308,ZHANG Y,3.384,60%,27%,513,2018 Spring
MATH 308,WANG K,3.020,33%,42%,514,2018 Spring
MATH 308,ONICA C,2.840,34%,38%,515,2018 Spring
MATH 308,ONICA C,2.936,34%,38%,516,2018 Spring
MATH 308,ONICA C,2.750,23%,44%,517,2018 Spring
MATH 308,HARRIS I,2.510,12%,45%,518,2018 Spring
MATH 308,LAHODNY G,3.076,46%,27%,520,2018 Spring
MATH 308,YU S,2.702,23%,36%,521,2018 Spring
MATH 308,YU S,2.720,20%,40%,522,2018 Spring
MATH 308,LAHODNY G,3.040,47%,22%,523,2018 Spring
MATH 308,TANG X,2.981,35%,30%,524,2018 Spring
MATH 308,ZHANG Y,3.588,65%,33%,525,2018 Spring
MATH 308,CAI Y,3.380,54%,30%,526,2018 Spring
MATH 308,KIM M,3.159,41%,41%,527,2018 Spring
MATH 308,WANG K,2.862,25%,43%,528,2018 Spring
MATH 308,ONICA C,2.784,33%,29%,529,2018 Spring
MATH 308,PANETTA R,2.937,31%,38%,530,2018 Spring
MATH 308,LEE S,3.229,60%,17%,531,2018 Spring
MATH 308,LEE S,3.212,45%,38%,532,2018 Spring
MATH 308,TOMAS I,2.731,24%,46%,533,2018 Spring
MATH 308,WANG K,3.060,28%,52%,534,2018 Spring
MATH 308,TANG X,3.054,33%,42%,535,2018 Spring
MATH 308,ROQUE SOL M,2.833,33%,17%,599,2018 Spring
MATH 308,ROQUE SOL M,3.333,50%,33%,700,2018 Spring
MATH 309,LYNCH R,2.825,25%,42%,501,2018 Spring
MATH 311,ZHOU J,2.687,21%,42%,501,2018 Spring
MATH 311,BOROSH I,2.792,34%,28%,502,2018 Spring
MATH 311,BOROSH I,2.469,29%,20%,504,2018 Spring
MATH 311,DARIPA P,2.553,18%,34%,505,2018 Spring
MATH 311,DARIPA P,2.510,27%,24%,506,2018 Spring
MATH 323,STECHER M,3.100,10%,90%,200,2018 Spring
MATH 323,STECHER M,2.300,5%,40%,501,2018 Spring
MATH 323,STECHER M,2.409,18%,27%,502,2018 Spring
MATH 365,CARTER T,3.068,45%,24%,501,2018 Spring
MATH 365,CARTER T,3.062,42%,23%,502,2018 Spring
MATH 365,CARTER T,3.000,38%,30%,503,2018 Spring
MATH 366,GUSTAFSON R,3.000,32%,42%,501,2018 Spring
MATH 366,SCHIELACK V,3.170,47%,23%,502,2018 Spring
MATH 367,WITHERSPOON S,3.279,47%,35%,500,2018 Spring
MATH 401,REIHANI K,2.418,19%,26%,501,2018 Spring
MATH 401,BATTLE G,3.300,50%,32%,502,2018 Spring
MATH 403,SCHIELACK V,3.533,53%,47%,501,2018 Spring
MATH 407,PEARLSTEIN G,2.800,36%,24%,500,2018 Spring
MATH 409,LARSON D,3.750,75%,25%,200,2018 Spring
MATH 409,XIE Z,2.814,15%,56%,501,2018 Spring
MATH 409,BOAS H,3.548,61%,32%,502,2018 Spring
MATH 410,DYKEMA K,2.307,23%,23%,500,2018 Spring
MATH 411,PAOURIS G,3.636,73%,18%,200,2018 Spring
MATH 411,PAOURIS G,2.861,42%,17%,501,2018 Spring
MATH 411,PAOURIS G,2.545,27%,20%,502,2018 Spring
MATH 411,PAOURIS G,2.756,34%,22%,503,2018 Spring
MATH 411,BATTLE G,3.433,55%,34%,504,2018 Spring
MATH 414,NARCOWICH F,2.857,43%,24%,501,2018 Spring
MATH 416,GELLER S,3.666,67%,33%,200,2018 Spring
MATH 416,GELLER S,2.230,23%,15%,500,2018 Spring
MATH 417,BONITO A,2.435,26%,18%,501,2018 Spring
MATH 417,PASCIAK J,2.864,35%,30%,502,2018 Spring
MATH 419,SCHRADER T,3.380,52%,33%,500,2018 Spring
MATH 423,WARD J,3.136,27%,59%,500,2018 Spring
MATH 425,BERKOLAIKO G,2.870,26%,44%,500,2018 Spring
MATH 433,GUSTAFSON R,2.583,25%,25%,500,2018 Spring
MATH 436,BOAS H,3.071,50%,14%,500,2018 Spring
MATH 442,DEMLOW A,3.300,55%,25%,930,2018 Spring
MATH 467,GUSTAFSON R,3.000,17%,67%,900,2018 Spring
MATH 469,LAHODNY G,3.055,33%,44%,500,2018 Spring
MATH 470,YOUNG M,3.800,80%,20%,200,2018 Spring
MATH 470,YOUNG M,2.948,36%,38%,501,2018 Spring
MATH 470,YOUNG M,2.744,32%,30%,502,2018 Spring
MATH 482,LARSON D,4.000,100%,0%,980,2018 Spring
MATH 601,CHEN G,3.333,50%,33%,601,2018 Spring
MATH 601,CHEN G,3.228,46%,31%,602,2018 Spring
MATH 602,RAHM JR. R,3.750,75%,25%,601,2018 Spring
MATH 605,DARIPA P,3.600,60%,40%,600,2018 Spring
MATH 608,BRANNAN M,3.428,64%,14%,600,2018 Spring
MATH 610,BONITO A,4.000,100%,0%,600,2018 Spring
MATH 612,KUCHMENT P,3.666,78%,11%,600,2018 Spring
MATH 614,VOROBETS Y,3.636,91%,0%,600,2018 Spring
MATH 618,POLTORATSKI A,3.636,91%,0%,600,2018 Spring
MATH 620,ROJAS J,3.692,69%,31%,600,2018 Spring
MATH 622,YANG T,3.666,67%,33%,600,2018 Spring
MATH 626,MASRI M,4.000,100%,0%,600,2018 Spring
MATH 629,SOTTILE F,3.666,67%,33%,700,2018 Spring
MATH 637,XIE Z,3.666,67%,33%,600,2018 Spring
MATH 638,POPOV B,4.000,100%,0%,600,2018 Spring
MATH 639,PASCIAK J,3.350,60%,20%,700,2018 Spring
MATH 642,NARCOWICH F,4.000,100%,0%,600,2018 Spring
MATH 652,ZHOU J,4.000,100%,0%,600,2018 Spring
MATH 654,NEKRASHEVYCH V,3.125,50%,31%,600,2018 Spring
MATH 656,YU G,3.928,93%,7%,600,2018 Spring
MATH 662,MATUSEVICH L,3.947,95%,5%,601,2018 Spring
MATH 663,JOHNSON W,3.875,88%,12%,600,2018 Spring
MATH 663,SIVAKUMAR N,4.000,100%,0%,601,2018 Spring
MATH 664,FOUCART S,3.666,67%,33%,600,2018 Spring
MATH 664,EFENDIEV Y,4.000,100%,0%,603,2018 Spring
MATH 685,WITHERSPOON S,4.000,100%,0%,601,2018 Spring
MATH 689,ROWELL E,3.812,81%,19%,600,2018 Spring
MATH 689,ANSHELEVICH M,3.857,86%,14%,601,2018 Spring
ASTR 101,WANG L,3.289,48%,33%,501,2018 Spring
ASTR 101,BROWN P,3.485,66%,21%,502,2018 Spring
ASTR 101,KRISCIUNAS K,2.488,16%,38%,503,2018 Spring
ASTR 102,COHN J,3.771,89%,6%,501,2018 Spring
ASTR 102,CHI P,4.000,100%,0%,502,2018 Spring
ASTR 102,COHN J,3.944,94%,6%,503,2018 Spring
ASTR 102,CHI P,4.000,100%,0%,504,2018 Spring
ASTR 104,WALSH J,3.108,41%,35%,500,2018 Spring
ASTR 109,TOBACK D,3.750,75%,25%,201,2018 Spring
ASTR 109,TOBACK D,3.554,69%,24%,501,2018 Spring
ASTR 111,KRISCIUNAS K,3.200,40%,40%,501,2018 Spring
ASTR 111,KRISCIUNAS K,3.210,53%,21%,502,2018 Spring
ASTR 314,SUNTZEFF N,3.486,51%,46%,500,2018 Spring
ASTR 320,MARSHALL J,3.833,94%,0%,500,2018 Spring
ASTR 403,WANG L,3.200,50%,40%,500,2018 Spring
ASTR 491,MARSHALL J,4.000,100%,0%,508,2018 Spring
ASTR 605,STRIGARI L,3.666,75%,17%,600,2018 Spring
ASTR 689,MARSHALL J,4.000,100%,0%,601,2018 Spring
PHYS 102,AGNOLET G,3.217,61%,20%,501,2018 Spring
PHYS 109,TOBACK D,3.875,88%,12%,501,2018 Spring
PHYS 201,BECKER K,2.866,33%,27%,501,2018 Spring
PHYS 201,BECKER K,3.045,32%,45%,502,2018 Spring
PHYS 201,BECKER K,3.000,33%,39%,503,2018 Spring
PHYS 201,BECKER K,2.380,19%,29%,504,2018 Spring
PHYS 201,BECKER K,2.565,13%,39%,505,2018 Spring
PHYS 201,SAFONOV A,3.000,30%,40%,507,2018 Spring
PHYS 201,SAFONOV A,2.882,24%,47%,508,2018 Spring
PHYS 201,SAFONOV A,2.368,0%,63%,509,2018 Spring
PHYS 201,SAFONOV A,2.714,29%,33%,510,2018 Spring
PHYS 201,SAFONOV A,2.500,28%,22%,511,2018 Spring
PHYS 201,RAPP R,2.652,26%,35%,513,2018 Spring
PHYS 201,RAPP R,3.058,29%,47%,514,2018 Spring
PHYS 201,RAPP R,3.157,42%,42%,515,2018 Spring
PHYS 201,RAPP R,2.894,16%,68%,516,2018 Spring
PHYS 201,RAPP R,2.833,28%,56%,517,2018 Spring
PHYS 202,FORD L,3.590,73%,18%,501,2018 Spring
PHYS 202,FORD L,3.208,46%,33%,502,2018 Spring
PHYS 202,FORD L,3.083,42%,25%,503,2018 Spring
PHYS 202,FORD L,3.291,54%,25%,504,2018 Spring
PHYS 202,FORD L,3.086,43%,26%,505,2018 Spring
PHYS 202,FORD L,3.565,61%,35%,506,2018 Spring
PHYS 202,FORD L,2.454,14%,18%,507,2018 Spring
PHYS 202,FORD L,3.000,36%,27%,508,2018 Spring
PHYS 202,FORD L,2.523,19%,24%,509,2018 Spring
PHYS 202,FORD L,2.695,30%,22%,510,2018 Spring
PHYS 202,FORD L,2.650,20%,35%,511,2018 Spring
PHYS 202,FORD L,2.642,29%,21%,512,2018 Spring
PHYS 208,SASLOW W,2.052,11%,16%,501,2018 Spring
PHYS 208,SASLOW W,2.000,5%,32%,502,2018 Spring
PHYS 208,SASLOW W,2.166,8%,33%,503,2018 Spring
PHYS 208,SASLOW W,2.000,20%,13%,505,2018 Spring
PHYS 208,WEBB R,3.210,53%,21%,507,2018 Spring
PHYS 208,WEBB R,2.904,29%,38%,508,2018 Spring
PHYS 208,WEBB R,2.619,24%,38%,509,2018 Spring
PHYS 208,WEBB R,2.684,21%,32%,510,2018 Spring
PHYS 208,WEBB R,2.187,19%,25%,511,2018 Spring
PHYS 208,MASON J,3.090,50%,18%,513,2018 Spring
PHYS 208,MASON J,2.863,36%,23%,514,2018 Spring
PHYS 208,MASON J,3.130,43%,30%,515,2018 Spring
PHYS 208,MASON J,3.090,45%,32%,516,2018 Spring
PHYS 208,MASON J,3.217,43%,39%,517,2018 Spring
PHYS 208,HOLT J,3.136,50%,14%,519,2018 Spring
PHYS 208,HOLT J,2.458,25%,21%,520,2018 Spring
PHYS 208,HOLT J,2.863,32%,27%,521,2018 Spring
PHYS 208,HOLT J,2.950,35%,35%,522,2018 Spring
PHYS 208,HOLT J,3.000,43%,29%,523,2018 Spring
PHYS 218,ERUKHIMOVA T,3.047,57%,10%,200,2018 Spring
PHYS 218,BASSICHIS W,3.200,60%,10%,201,2018 Spring
PHYS 218,BASSICHIS W,3.375,56%,25%,202,2018 Spring
PHYS 218,BASSICHIS W,3.142,43%,43%,203,2018 Spring
PHYS 218,BASSICHIS W,2.727,27%,36%,205,2018 Spring
PHYS 218,AKIMOV A,3.187,56%,12%,207,2018 Spring
PHYS 218,AKIMOV A,3.285,57%,29%,208,2018 Spring
PHYS 218,AKIMOV A,3.142,57%,14%,209,2018 Spring
PHYS 218,AKIMOV A,2.800,40%,0%,210,2018 Spring
PHYS 218,ERUKHIMOVA T,3.052,53%,11%,403,2018 Spring
PHYS 218,ERUKHIMOVA T,3.578,68%,21%,404,2018 Spring
PHYS 218,ERUKHIMOVA T,2.800,40%,15%,405,2018 Spring
PHYS 218,ERUKHIMOVA T,2.894,37%,26%,406,2018 Spring
PHYS 218,CHRISTIAN G,3.157,42%,32%,407,2018 Spring
PHYS 218,CHRISTIAN G,3.500,65%,20%,408,2018 Spring
PHYS 218,CHRISTIAN G,3.176,41%,35%,409,2018 Spring
PHYS 218,CHRISTIAN G,3.250,50%,30%,410,2018 Spring
PHYS 218,CHRISTIAN G,2.750,35%,20%,411,2018 Spring
PHYS 218,CHRISTIAN G,3.263,47%,37%,413,2018 Spring
PHYS 218,CHRISTIAN G,3.166,50%,22%,414,2018 Spring
PHYS 218,CHRISTIAN G,3.250,40%,45%,415,2018 Spring
PHYS 218,CHRISTIAN G,3.263,53%,26%,416,2018 Spring
PHYS 218,CHRISTIAN G,3.100,45%,25%,417,2018 Spring
PHYS 218,FRIES R,3.222,44%,33%,419,2018 Spring
PHYS 218,FRIES R,2.888,39%,28%,420,2018 Spring
PHYS 218,FRIES R,3.058,41%,24%,421,2018 Spring
PHYS 218,FRIES R,2.875,25%,50%,422,2018 Spring
PHYS 218,FRIES R,2.923,31%,31%,423,2018 Spring
PHYS 218,FRIES R,3.058,47%,24%,425,2018 Spring
PHYS 218,FRIES R,2.764,24%,35%,426,2018 Spring
PHYS 218,FRIES R,2.947,37%,21%,427,2018 Spring
PHYS 218,FRIES R,2.470,18%,35%,428,2018 Spring
PHYS 218,FRIES R,2.764,12%,53%,429,2018 Spring
PHYS 218,DIERKER S,2.722,28%,33%,501,2018 Spring
PHYS 218,DIERKER S,2.307,23%,23%,502,2018 Spring
PHYS 218,DIERKER S,2.916,42%,17%,503,2018 Spring
PHYS 218,DIERKER S,2.272,27%,18%,504,2018 Spring
PHYS 218,DIERKER S,2.411,12%,47%,505,2018 Spring
PHYS 218,LYUKSYUTOV I,2.466,20%,20%,507,2018 Spring
PHYS 218,LYUKSYUTOV I,2.285,0%,43%,508,2018 Spring
PHYS 218,LYUKSYUTOV I,2.611,22%,22%,509,2018 Spring
PHYS 218,LYUKSYUTOV I,2.666,27%,33%,510,2018 Spring
PHYS 218,LYUKSYUTOV I,2.625,6%,56%,511,2018 Spring
PHYS 218,WU W,2.823,24%,41%,513,2018 Spring
PHYS 218,WU W,3.166,39%,44%,514,2018 Spring
PHYS 218,WU W,2.411,18%,18%,515,2018 Spring
PHYS 218,WU W,2.722,22%,44%,516,2018 Spring
PHYS 218,WU W,1.833,8%,8%,517,2018 Spring
PHYS 218,WU W,2.764,24%,35%,519,2018 Spring
PHYS 218,WU W,2.352,18%,24%,520,2018 Spring
PHYS 218,WU W,1.888,6%,22%,521,2018 Spring
PHYS 218,WU W,2.312,25%,19%,522,2018 Spring
PHYS 218,WU W,2.470,12%,47%,523,2018 Spring
PHYS 218,MAHAPATRA R,3.222,50%,28%,525,2018 Spring
PHYS 218,MAHAPATRA R,3.277,61%,11%,526,2018 Spring
PHYS 218,MAHAPATRA R,2.882,35%,29%,527,2018 Spring
PHYS 218,MAHAPATRA R,3.000,44%,28%,528,2018 Spring
PHYS 218,MAHAPATRA R,3.117,35%,41%,529,2018 Spring
PHYS 218,MIODUSZEWSKI S,2.937,31%,50%,531,2018 Spring
PHYS 218,MIODUSZEWSKI S,3.285,57%,29%,532,2018 Spring
PHYS 218,MIODUSZEWSKI S,3.055,39%,33%,533,2018 Spring
PHYS 218,MIODUSZEWSKI S,2.166,22%,11%,534,2018 Spring
PHYS 218,MIODUSZEWSKI S,3.000,33%,33%,535,2018 Spring
PHYS 218,ROYSTON A,2.437,19%,25%,537,2018 Spring
PHYS 218,ROYSTON A,2.388,17%,22%,538,2018 Spring
PHYS 218,ROYSTON A,3.117,53%,12%,539,2018 Spring
PHYS 218,ROYSTON A,2.562,31%,19%,540,2018 Spring
PHYS 218,ROYSTON A,2.833,33%,33%,541,2018 Spring
PHYS 218,ROSS J,2.384,8%,38%,543,2018 Spring
PHYS 218,ROSS J,2.937,38%,25%,544,2018 Spring
PHYS 218,ROSS J,2.588,24%,24%,545,2018 Spring
PHYS 218,ROSS J,2.411,24%,29%,546,2018 Spring
PHYS 218,ROSS J,2.812,38%,25%,547,2018 Spring
PHYS 218,KO C,2.500,25%,19%,549,2018 Spring
PHYS 218,KO C,2.526,26%,26%,550,2018 Spring
PHYS 218,KO C,3.000,44%,25%,551,2018 Spring
PHYS 218,KO C,2.615,23%,31%,552,2018 Spring
PHYS 218,KO C,2.100,10%,20%,553,2018 Spring
PHYS 218,KO C,1.937,19%,19%,555,2018 Spring
PHYS 218,KO C,2.611,28%,22%,556,2018 Spring
PHYS 218,KO C,2.750,44%,6%,557,2018 Spring
PHYS 218,KO C,2.714,29%,36%,558,2018 Spring
PHYS 218,KO C,2.750,25%,25%,559,2018 Spring
PHYS 218,MAHAPATRA R,3.000,44%,22%,561,2018 Spring
PHYS 218,MAHAPATRA R,3.368,63%,21%,562,2018 Spring
PHYS 218,MAHAPATRA R,3.055,33%,39%,563,2018 Spring
PHYS 218,MAHAPATRA R,2.611,17%,44%,564,2018 Spring
PHYS 218,MAHAPATRA R,2.764,29%,41%,565,2018 Spring
PHYS 218,KOCHAROVSKY V,3.071,29%,50%,567,2018 Spring
PHYS 218,KOCHAROVSKY V,3.076,54%,15%,568,2018 Spring
PHYS 218,KOCHAROVSKY V,2.357,21%,36%,569,2018 Spring
PHYS 218,KOCHAROVSKY V,3.333,50%,33%,570,2018 Spring
PHYS 218,KOCHAROVSKY V,2.444,22%,22%,571,2018 Spring
PHYS 218,KOCHAROVSKY V,2.125,6%,25%,573,2018 Spring
PHYS 218,KOCHAROVSKY V,2.571,21%,36%,574,2018 Spring
PHYS 218,KOCHAROVSKY V,2.785,29%,36%,575,2018 Spring
PHYS 218,KOCHAROVSKY V,2.733,40%,20%,576,2018 Spring
PHYS 218,KOCHAROVSKY V,2.588,35%,18%,577,2018 Spring
PHYS 218,MAY L,2.181,18%,18%,M01,2018 Spring
PHYS 221,FRY E,2.750,28%,28%,500,2018 Spring
PHYS 222,TEIZER W,3.454,55%,36%,201,2018 Spring
PHYS 222,TEIZER W,2.469,13%,33%,501,2018 Spring
PHYS 222,TEIZER W,2.666,10%,57%,502,2018 Spring
PHYS 285,FORD L,3.777,89%,0%,514,2018 Spring
PHYS 289,DEPOY D,3.681,82%,14%,501,2018 Spring
PHYS 289,DEPOY D,3.761,81%,14%,502,2018 Spring
PHYS 303,WEIMER M,3.000,35%,30%,500,2018 Spring
PHYS 305,AGNOLET G,2.458,17%,29%,500,2018 Spring
PHYS 309,BELYANIN A,3.428,71%,14%,200,2018 Spring
PHYS 309,BELYANIN A,2.796,25%,42%,500,2018 Spring
PHYS 327,WELCH G,3.157,37%,47%,901,2018 Spring
PHYS 327,WELCH G,3.500,60%,30%,902,2018 Spring
PHYS 328,WELCH G,3.157,37%,47%,901,2018 Spring
PHYS 328,WELCH G,3.500,60%,30%,902,2018 Spring
PHYS 331,SEZGIN E,2.294,18%,18%,500,2018 Spring
PHYS 401,CHIN S,2.208,17%,25%,500,2018 Spring
PHYS 412,GAGLIARDI C,2.437,9%,41%,500,2018 Spring
PHYS 425,NAUGLE D,3.235,47%,35%,501,2018 Spring
PHYS 489,NANOPOULOS D,3.888,89%,11%,501,2018 Spring
PHYS 601,FINKELSTEIN A,3.625,75%,12%,600,2018 Spring
PHYS 603,POPE C,3.055,33%,50%,600,2018 Spring
PHYS 607,POKROVSKY V,3.500,50%,50%,600,2018 Spring
PHYS 619,KATZGRABER H,2.714,29%,43%,600,2018 Spring
PHYS 624,ZHELTIKOV A,3.739,87%,9%,600,2018 Spring
PHYS 627,KAMON T,4.000,100%,0%,600,2018 Spring
PHYS 634,DUTTA B,3.625,81%,12%,600,2018 Spring
PHYS 645,STRIGARI L,3.571,71%,14%,600,2018 Spring
PHYS 666,WELCH G,3.714,71%,29%,601,2018 Spring
PHYS 689,SCHUESSLER H,4.000,100%,0%,600,2018 Spring
STAT 182,DABNEY A,3.347,35%,65%,900,2018 Spring
STAT 182,DABNEY A,3.347,39%,57%,901,2018 Spring
STAT 201,SULTAN M,3.212,45%,36%,501,2018 Spring
STAT 201,YI S,3.000,37%,42%,502,2018 Spring
STAT 201,ALMASOUD N,3.037,44%,22%,503,2018 Spring
STAT 201,CUMMINGS S,3.150,50%,22%,504,2018 Spring
STAT 201,CUMMINGS S,2.975,40%,32%,505,2018 Spring
STAT 211,HATFIELD L,2.686,25%,37%,501,2018 Spring
STAT 211,HATFIELD L,3.101,36%,42%,502,2018 Spring
STAT 211,HATFIELD L,2.925,34%,35%,503,2018 Spring
STAT 211,KATZFUSS M,3.068,41%,35%,504,2018 Spring
STAT 211,SANG H,2.981,31%,39%,505,2018 Spring
STAT 211,ZHANG X,3.255,53%,26%,506,2018 Spring
STAT 211,WONG R,3.017,34%,38%,507,2018 Spring
STAT 211,ZHANG X,3.036,40%,32%,508,2018 Spring
STAT 212,HART J,3.435,56%,34%,501,2018 Spring
STAT 301,SUBBARAO S,3.000,34%,41%,501,2018 Spring
STAT 302,HERNANDEZ,3.067,37%,38%,501,2018 Spring
STAT 302,LIANG H,3.226,45%,34%,502,2018 Spring
STAT 302,KOLODZIEJ E,3.010,30%,44%,503,2018 Spring
STAT 302,ZHOU L,3.000,31%,39%,504,2018 Spring
STAT 302,LIANG H,3.028,38%,33%,505,2018 Spring
STAT 302,SINHA S,3.079,33%,45%,506,2018 Spring
STAT 302,HERNANDEZ,2.957,30%,40%,507,2018 Spring
STAT 302,LIANG H,3.000,35%,34%,508,2018 Spring
STAT 302,DAI G,2.988,32%,39%,509,2018 Spring
STAT 302,ZHOU L,3.011,30%,43%,510,2018 Spring
STAT 302,HERNANDEZ,2.689,14%,45%,511,2018 Spring
STAT 303,CHAKRABORTY S,3.000,31%,40%,501,2018 Spring
STAT 303,CHEN W,3.128,42%,35%,502,2018 Spring
STAT 303,CHEN W,3.109,41%,35%,503,2018 Spring
STAT 303,CUMMINGS S,2.938,30%,41%,504,2018 Spring
STAT 307,WANG S,3.416,50%,42%,500,2018 Spring
STAT 408,KOLODZIEJ E,2.973,37%,34%,500,2018 Spring
STAT 415,SANG H,3.150,40%,35%,500,2018 Spring
STAT 485,DABNEY A,4.000,100%,0%,500,2018 Spring
STAT 489,DABNEY A,3.636,73%,18%,500,2018 Spring
STAT 604,KINCHELOE F,3.191,45%,36%,700,2018 Spring
STAT 608,KOLODZIEJ E,3.414,49%,44%,600,2018 Spring
STAT 608,KOLODZIEJ E,3.188,42%,40%,700,2018 Spring
STAT 611,LONG J,3.785,79%,21%,600,2018 Spring
STAT 613,PATI D,3.538,54%,46%,600,2018 Spring
STAT 615,CLINE D,2.444,11%,56%,600,2018 Spring
STAT 618,HUANG J,4.000,100%,0%,600,2018 Spring
STAT 620,MUELLER-HARKNETT U,3.545,55%,45%,600,2018 Spring
STAT 630,AKLEMAN D,3.363,67%,18%,700,2018 Spring
STAT 632,BHATTACHARYA A,3.611,61%,39%,600,2018 Spring
STAT 633,MALLICK B,4.000,100%,0%,600,2018 Spring
STAT 636,SMITH W,3.787,79%,21%,651,2018 Spring
STAT 636,SMITH W,3.950,95%,5%,700,2018 Spring
STAT 641,NEWTON H,3.000,14%,71%,700,2018 Spring
STAT 642,LONGNECKER M,3.769,77%,23%,600,2018 Spring
STAT 642,LONGNECKER M,3.339,40%,55%,700,2018 Spring
STAT 646,KARMAKAR M,3.583,58%,42%,600,2018 Spring
STAT 646,KARMAKAR M,3.866,93%,0%,700,2018 Spring
STAT 647,JUN M,3.962,96%,4%,651,2018 Spring
STAT 647,JUN M,3.705,82%,12%,700,2018 Spring
STAT 651,HART J,3.523,59%,35%,600,2018 Spring
STAT 651,SUBBARAO S,3.516,55%,42%,602,2018 Spring
STAT 651,AKLEMAN D,3.454,61%,27%,699,2018 Spring
STAT 651,AKLEMAN D,3.571,57%,43%,700,2018 Spring
STAT 652,MALLICK B,3.750,80%,15%,600,2018 Spring
STAT 652,AKLEMAN D,3.592,63%,33%,699,2018 Spring
STAT 652,AKLEMAN D,3.363,45%,45%,700,2018 Spring
STAT 653,AKLEMAN D,3.944,94%,6%,600,2018 Spring
STAT 653,AKLEMAN D,3.625,69%,25%,700,2018 Spring
STAT 656,JONES E,3.944,94%,6%,600,2018 Spring
STAT 656,JONES E,3.920,92%,8%,700,2018 Spring
STAT 657,KINCHELOE F,3.700,70%,30%,600,2018 Spring
STAT 657,KINCHELOE F,3.272,48%,39%,700,2018 Spring
STAT 659,WEHRLY T,3.866,87%,13%,600,2018 Spring
STAT 659,WEHRLY T,3.833,83%,17%,700,2018 Spring
STAT 677,KATZFUSS M,3.750,75%,25%,600,2018 Spring
STAT 685,SHEATHER S,3.961,96%,4%,651,2018 Spring
STAT 685,SHEATHER S,4.000,100%,0%,700,2018 Spring
STAT 685,SHEATHER S,3.687,88%,6%,710,2018 Spring
STAT 689,CARROLL R,4.000,100%,0%,600,2018 Spring
STAT 689,POURAHMADI M,4.000,100%,0%,601,2018 Spring
STAT 689,SCHMIEDICHE H,3.962,96%,4%,602,2018 Spring
STAT 689,LONG J,3.825,88%,8%,603,2018 Spring
STAT 689,CARROLL R,4.000,100%,0%,700,2018 Spring
